<?xml version="1.0" encoding="UTF-8"?>
<!DOCTYPE mapper PUBLIC "-//mybatis.org//DTD Mapper 3.0//EN" "http://mybatis.org/dtd/mybatis-3-mapper.dtd">
<mapper namespace="org.springframework.cloud.admin.uaa.mapper.BaseUserMapper">
  <resultMap id="BaseResultMap" type="org.springframework.cloud.admin.uaa.model.BaseUser">
    <!--
      WARNING - @mbg.generated
    -->
    <id column="id" jdbcType="INTEGER" property="id" />
    <result column="user_name" jdbcType="VARCHAR" property="userName" />
    <result column="password" jdbcType="VARCHAR" property="password" />
    <result column="name" jdbcType="VARCHAR" property="name" />
    <result column="birthday" jdbcType="TIMESTAMP" property="birthday" />
    <result column="address" jdbcType="VARCHAR" property="address" />
    <result column="tel_phone" jdbcType="VARCHAR" property="telPhone" />
    <result column="email" jdbcType="VARCHAR" property="email" />
    <result column="sex" jdbcType="BIT" property="sex" />
    <result column="type" jdbcType="INTEGER" property="type" />
    <result column="status" jdbcType="INTEGER" property="status" />
    <result column="description" jdbcType="VARCHAR" property="description" />
    <result column="tenant_id" jdbcType="VARCHAR" property="tenantId" />
    <result column="crt_time" jdbcType="TIMESTAMP" property="crtTime" />
    <result column="crt_user" jdbcType="VARCHAR" property="crtUser" />
    <result column="crt_name" jdbcType="VARCHAR" property="crtName" />
    <result column="crt_host" jdbcType="VARCHAR" property="crtHost" />
    <result column="upd_time" jdbcType="TIMESTAMP" property="updTime" />
    <result column="upd_user" jdbcType="VARCHAR" property="updUser" />
    <result column="upd_name" jdbcType="VARCHAR" property="updName" />
    <result column="upd_host" jdbcType="VARCHAR" property="updHost" />
  </resultMap>
</mapper>