<?xml version="1.0" encoding="UTF-8"?>
<!DOCTYPE mapper PUBLIC "-//mybatis.org//DTD Mapper 3.0//EN" "http://mybatis.org/dtd/mybatis-3-mapper.dtd">
<mapper namespace="org.springframework.cloud.admin.uaa.mapper.BaseElementMapper">
  <resultMap id="BaseResultMap" type="org.springframework.cloud.admin.uaa.model.BaseElement">
    <!--
      WARNING - @mbg.generated
    -->
    <id column="id" jdbcType="INTEGER" property="id" />
    <result column="code" jdbcType="VARCHAR" property="code" />
    <result column="type" jdbcType="TINYINT" property="type" />
    <result column="name" jdbcType="VARCHAR" property="name" />
    <result column="uri" jdbcType="VARCHAR" property="uri" />
    <result column="menu_id" jdbcType="INTEGER" property="menuId" />
    <result column="method" jdbcType="VARCHAR" property="method" />
    <result column="description" jdbcType="VARCHAR" property="description" />
    <result column="crt_time" jdbcType="TIMESTAMP" property="crtTime" />
    <result column="crt_user" jdbcType="VARCHAR" property="crtUser" />
    <result column="crt_name" jdbcType="VARCHAR" property="crtName" />
    <result column="crt_host" jdbcType="VARCHAR" property="crtHost" />
    <result column="upd_time" jdbcType="TIMESTAMP" property="updTime" />
    <result column="upd_user" jdbcType="VARCHAR" property="updUser" />
    <result column="upd_name" jdbcType="VARCHAR" property="updName" />
    <result column="upd_host" jdbcType="VARCHAR" property="updHost" />
  </resultMap>
</mapper>