<?xml version="1.0" encoding="UTF-8"?>
<!DOCTYPE mapper PUBLIC "-//mybatis.org//DTD Mapper 3.0//EN" "http://mybatis.org/dtd/mybatis-3-mapper.dtd">
<mapper namespace="org.springframework.cloud.admin.uaa.mapper.BaseDataGroupMapper">
  <resultMap id="BaseResultMap" type="org.springframework.cloud.admin.uaa.model.BaseDataGroup">
    <!--
      WARNING - @mbg.generated
    -->
    <id column="id" jdbcType="INTEGER" property="id" />
    <result column="sort" jdbcType="INTEGER" property="sort" />
    <result column="name" jdbcType="VARCHAR" property="name" />
    <result column="parent_id" jdbcType="INTEGER" property="parentId" />
    <result column="type" jdbcType="CHAR" property="type" />
    <result column="icon" jdbcType="VARCHAR" property="icon" />
    <result column="description" jdbcType="VARCHAR" property="description" />
    <result column="tenant_id" jdbcType="VARCHAR" property="tenantId" />
    <result column="crt_time" jdbcType="TIMESTAMP" property="crtTime" />
    <result column="crt_user" jdbcType="VARCHAR" property="crtUser" />
    <result column="crt_name" jdbcType="VARCHAR" property="crtName" />
    <result column="crt_host" jdbcType="VARCHAR" property="crtHost" />
    <result column="upd_time" jdbcType="TIMESTAMP" property="updTime" />
    <result column="upd_user" jdbcType="VARCHAR" property="updUser" />
    <result column="upd_name" jdbcType="VARCHAR" property="updName" />
    <result column="upd_host" jdbcType="VARCHAR" property="updHost" />
  </resultMap>
</mapper>