<?xml version="1.0" encoding="UTF-8"?>
<!DOCTYPE generatorConfiguration
        PUBLIC "-//mybatis.org//DTD MyBatis Generator Configuration 1.0//EN"
        "http://mybatis.org/dtd/mybatis-generator-config_1_0.dtd">

<generatorConfiguration>
    <context id="Mysql" targetRuntime="MyBatis3Simple" defaultModelType="flat">
        <property name="beginningDelimiter" value="`"/>
        <property name="endingDelimiter" value="`"/>
        <plugin type="tk.mybatis.mapper.generator.MapperPlugin">
            <property name="mappers" value="tk.mybatis.mapper.common.Mapper"/>
        </plugin>

        <jdbcConnection driverClass="com.mysql.cj.jdbc.Driver"
                        connectionURL="jdbc:mysql://20.0.7.106:3306/z_base?useSSL=false"
                        userId="root"
                        password="root">
        </jdbcConnection>

        <javaModelGenerator targetPackage="org.springframework.cloud.admin.uaa.model" targetProject="src/main/java"/>

        <sqlMapGenerator targetPackage="mapper" targetProject="src/main/resources"/>

        <javaClientGenerator targetPackage="org.springframework.cloud.admin.uaa.mapper" targetProject="src/main/java"
                             type="XMLMAPPER"/>

        <table tableName="base_%">
            <generatedKey column="id" sqlStatement="Mysql" identity="true"/>
        </table>
    </context>
</generatorConfiguration>